District code,State name,District name,Population,Male,Male_Literate
1,JAMMU AND KASHMIR,Kupwara,870354,474190,282823
2,JAMMU AND KASHMIR,Badgam,753745,398041,207741
3,JAMMU AND KASHMIR,Leh(Ladakh),133487,78971,62834
4,JAMMU AND KASHMIR,Kargil,140802,77785,56301
5,JAMMU AND KASHMIR,Punch,476835,251899,163333
6,JAMMU AND KASHMIR,Rajouri,642415,345351,224469
7,JAMMU AND KASHMIR,Kathua,616435,326109,228499
8,JAMMU AND KASHMIR,Baramula,1008039,534733,337170
9,JAMMU AND KASHMIR,Bandipore,392232,207680,117058
10,JAMMU AND KASHMIR,Srinagar,1236829,651124,431746
11,JAMMU AND KASHMIR,Ganderbal,297446,158720,90581
12,JAMMU AND KASHMIR,Pulwama,560440,293064,178326
13,JAMMU AND KASHMIR,Shupiyan,266215,136480,80355
14,JAMMU AND KASHMIR,Anantnag,1078692,559767,324417
15,JAMMU AND KASHMIR,Kulgam,424483,217620,125052
16,JAMMU AND KASHMIR,Doda,409936,213641,138620
17,JAMMU AND KASHMIR,Ramban,283713,149132,82938
18,JAMMU AND KASHMIR,Kishtwar,230696,120165,68700
19,JAMMU AND KASHMIR,Udhampur,554985,296784,197543
20,JAMMU AND KASHMIR,Reasi,314667,166461,93937
21,JAMMU AND KASHMIR,Jammu,1529958,813821,641916
22,JAMMU AND KASHMIR,Samba,318898,169124,130312
23,HIMACHAL PRADESH,Chamba,519080,261320,186064
24,HIMACHAL PRADESH,Kangra,1510075,750591,606443
25,HIMACHAL PRADESH,Lahul AND Spiti,31564,16588,12897
26,HIMACHAL PRADESH,Kullu,437903,225452,174550
27,HIMACHAL PRADESH,Mandi,999777,498065,393669
28,HIMACHAL PRADESH,Hamirpur,454768,217070,180555
29,HIMACHAL PRADESH,Una,521173,263692,213281
30,HIMACHAL PRADESH,Bilaspur,381956,192764,155599
31,HIMACHAL PRADESH,Solan,580320,308754,244372
32,HIMACHAL PRADESH,Sirmaur,529855,276289,205617
33,HIMACHAL PRADESH,Shimla,814010,425039,342846
34,HIMACHAL PRADESH,Kinnaur,84121,46249,36697
35,PUNJAB,Gurdaspur,2298323,1212617,907660
36,PUNJAB,Kapurthala,815168,426311,316254
37,PUNJAB,Jalandhar,2193590,1145211,882581
38,PUNJAB,Hoshiarpur,1586625,809057,637927
39,PUNJAB,Shahid Bhagat Singh Nagar,612310,313291,239155
40,PUNJAB,Fatehgarh Sahib,600163,320795,238696
41,PUNJAB,Ludhiana,3498739,1867816,1428348
42,PUNJAB,Moga,995746,525920,348549
43,PUNJAB,Firozpur,2029074,1071637,707070
44,PUNJAB,Muktsar,901896,475622,300401
45,PUNJAB,Faridkot,617508,326671,215767
46,PUNJAB,Bathinda,1388525,743197,488261
47,PUNJAB,Mansa,769751,408732,244037
48,PUNJAB,Patiala,1895686,1002522,711052
49,PUNJAB,Amritsar,2490656,1318408,932981
50,PUNJAB,Tarn Taran,1119627,589369,376427
51,PUNJAB,Rupnagar,684627,357485,278534
52,PUNJAB,Sahibzada Ajit Singh Nagar,994628,529253,409944
53,PUNJAB,Sangrur,1655169,878029,570413
54,PUNJAB,Barnala,595527,317522,201999
55,CHANDIGARH,Chandigarh,1055450,580663,465346
56,UTTARAKHAND,Uttarkashi,330086,168597,128237
57,UTTARAKHAND,Chamoli,391605,193991,155395
58,UTTARAKHAND,Rudraprayag,242285,114589,91803
59,UTTARAKHAND,Tehri Garhwal,618931,297986,227406
60,UTTARAKHAND,Dehradun,1696694,892199,702216
61,UTTARAKHAND,Garhwal,687271,326829,262148
62,UTTARAKHAND,Pithoragarh,483439,239306,189623
63,UTTARAKHAND,Bageshwar,259898,124326,97546
64,UTTARAKHAND,Almora,622506,291081,231604
65,UTTARAKHAND,Champawat,259648,131125,102015
66,UTTARAKHAND,Nainital,954605,493666,385779
67,UTTARAKHAND,Udham Singh Nagar,1648902,858783,598525
68,UTTARAKHAND,Hardwar,1890422,1005295,691411
69,HARYANA,Panchkula,561293,299679,229862
70,HARYANA,Ambala,1128350,598703,461288
71,HARYANA,Yamunanagar,1214205,646718,474793
72,HARYANA,Kurukshetra,964655,510976,370828
73,HARYANA,Kaithal,1074304,571003,385782
74,HARYANA,Karnal,1505324,797712,564516
75,HARYANA,Panipat,1205437,646857,464136
76,HARYANA,Sonipat,1450001,781299,589881
77,HARYANA,Jind,1334152,713006,502049
78,HARYANA,Fatehabad,942011,495360,327471
79,HARYANA,Sirsa,1295189,682582,456968
80,HARYANA,Hisar,1743931,931562,670200
81,HARYANA,Bhiwani,1634445,866672,643158
82,HARYANA,Rohtak,1061204,568479,436025
83,HARYANA,Jhajjar,958405,514667,399480
84,HARYANA,Mahendragarh,922088,486665,380440
85,HARYANA,Rewari,900332,474335,375453
86,HARYANA,Gurgaon,1514432,816690,638666
87,HARYANA,Mewat,1089263,571162,308435
88,HARYANA,Faridabad,1809733,966110,734940
89,HARYANA,Palwal,1042708,554497,379696
90,NCT OF DELHI,North West,3656539,1960922,1541952
91,NCT OF DELHI,North,887978,475002,381615
92,NCT OF DELHI,North East,2241624,1188425,912481
93,NCT OF DELHI,East,1709346,907500,748382
94,NCT OF DELHI,New Delhi,142004,77942,65678
95,NCT OF DELHI,Central,582320,307821,240518
96,NCT OF DELHI,West,2543243,1356240,1093933
97,NCT OF DELHI,South West,2292958,1246046,1025261
98,NCT OF DELHI,South,2731929,1467428,1185036
99,RAJASTHAN,Ganganagar,1969168,1043340,710908
100,RAJASTHAN,Hanumangarh,1774692,931184,624281
101,RAJASTHAN,Bikaner,2363937,1240801,782399
102,RAJASTHAN,Churu,2039547,1051446,696729
103,RAJASTHAN,Jhunjhunun,2137045,1095896,815834
104,RAJASTHAN,Alwar,3674179,1939026,1359829
105,RAJASTHAN,Bharatpur,2548462,1355726,943910
106,RAJASTHAN,Dhaulpur,1206516,653647,435721
107,RAJASTHAN,Karauli,1458248,783639,531904
108,RAJASTHAN,Sawai Madhopur,1335551,704031,486184
109,RAJASTHAN,Dausa,1634409,857787,596935
110,RAJASTHAN,Jaipur,6626178,3468507,2554793
111,RAJASTHAN,Sikar,2677333,1374990,995275
112,RAJASTHAN,Nagaur,3307743,1696325,1102750
113,RAJASTHAN,Jodhpur,3687165,1923928,1265753
114,RAJASTHAN,Jaisalmer,669919,361708,210415
115,RAJASTHAN,Barmer,2603751,1369022,783461
116,RAJASTHAN,Jalor,1828730,936634,543923
117,RAJASTHAN,Sirohi,1036346,534231,309900
118,RAJASTHAN,Pali,2037573,1025422,667381
119,RAJASTHAN,Ajmer,2583052,1324085,926268
120,RAJASTHAN,Tonk,1421326,728136,478329
121,RAJASTHAN,Bundi,1110906,577160,371705
122,RAJASTHAN,Bhilwara,2408523,1220736,777582
123,RAJASTHAN,Rajsamand,1156597,581339,383334
124,RAJASTHAN,Dungarpur,1388552,696532,415820
125,RAJASTHAN,Banswara,1797485,907754,513854
126,RAJASTHAN,Chittaurgarh,1544338,783171,514851
127,RAJASTHAN,Kota,1951014,1021161,765396
128,RAJASTHAN,Baran,1222755,633945,432607
129,RAJASTHAN,Jhalawar,1411129,725143,466815
130,RAJASTHAN,Udaipur,3068420,1566801,973444
131,RAJASTHAN,Pratapgarh,867848,437744,250122
132,UTTAR PRADESH,Saharanpur,3466382,1834106,1220114
133,UTTAR PRADESH,Muzaffarnagar,4143512,2193434,1448528
134,UTTAR PRADESH,Bijnor,3682713,1921215,1241471
135,UTTAR PRADESH,Moradabad,4772006,2503186,1357435
136,UTTAR PRADESH,Rampur,2335819,1223889,630408
137,UTTAR PRADESH,Jyotiba Phule Nagar,1840221,963449,600541
138,UTTAR PRADESH,Meerut,3443689,1825743,1254520
139,UTTAR PRADESH,Baghpat,1303048,700070,489858
140,UTTAR PRADESH,Ghaziabad,4681645,2488834,1811397
141,UTTAR PRADESH,Gautam Buddha Nagar,1648115,890214,666065
142,UTTAR PRADESH,Bulandshahr,3499171,1845260,1253314
143,UTTAR PRADESH,Aligarh,3673889,1951996,1283380
144,UTTAR PRADESH,Mahamaya Nagar,1564708,836127,579157
145,UTTAR PRADESH,Mathura,2547184,1367125,943346
146,UTTAR PRADESH,Agra,4418797,2364953,1614594
147,UTTAR PRADESH,Firozabad,2498156,1332046,912314
148,UTTAR PRADESH,Mainpuri,1868529,993377,712110
149,UTTAR PRADESH,Budaun,3681896,1967759,986501
150,UTTAR PRADESH,Bareilly,4448359,2357665,1342697
151,UTTAR PRADESH,Pilibhit,2031007,1072002,654290
152,UTTAR PRADESH,Shahjahanpur,3006538,1606403,915142
153,UTTAR PRADESH,Kheri,4021243,2123187,1237157
154,UTTAR PRADESH,Sitapur,4483992,2375264,1397702
155,UTTAR PRADESH,Hardoi,4092845,2191442,1374587
156,UTTAR PRADESH,Unnao,3108367,1630087,1053063
157,UTTAR PRADESH,Lucknow,4589838,2394476,1742440
158,UTTAR PRADESH,Rae Bareli,3405559,1752542,1165965
159,UTTAR PRADESH,Farrukhabad,1885204,1006240,654827
160,UTTAR PRADESH,Kannauj,1656616,881776,603596
161,UTTAR PRADESH,Etawah,1581810,845856,623583
162,UTTAR PRADESH,Auraiya,1379545,740040,546198
163,UTTAR PRADESH,Kanpur Dehat,1796184,963255,692964
164,UTTAR PRADESH,Kanpur Nagar,4581268,2459806,1829179
165,UTTAR PRADESH,Jalaun,1689974,906092,653430
166,UTTAR PRADESH,Jhansi,1998603,1057436,783705
167,UTTAR PRADESH,Lalitpur,1221592,641011,397586
168,UTTAR PRADESH,Hamirpur,1104285,593537,408125
169,UTTAR PRADESH,Mahoba,875958,466358,302283
170,UTTAR PRADESH,Banda,1799410,965876,630626
171,UTTAR PRADESH,Chitrakoot,991730,527721,330339
172,UTTAR PRADESH,Fatehpur,2632733,1384722,911003
173,UTTAR PRADESH,Pratapgarh,3209141,1606085,1121381
174,UTTAR PRADESH,Kaushambi,1599596,838485,507279
175,UTTAR PRADESH,Allahabad,5954391,3131807,2199340
176,UTTAR PRADESH,Bara Banki,3260699,1707073,1010518
177,UTTAR PRADESH,Faizabad,2470996,1259628,838339
178,UTTAR PRADESH,Ambedkar Nagar,2397888,1212410,846676
179,UTTAR PRADESH,Sultanpur,3797117,1914586,1300248
180,UTTAR PRADESH,Bahraich,3487731,1843884,878285
181,UTTAR PRADESH,Shrawasti,1117361,593897,276700
182,UTTAR PRADESH,Balrampur,2148665,1114721,544943
183,UTTAR PRADESH,Gonda,3433919,1787146,1034181
184,UTTAR PRADESH,Siddharthnagar,2559297,1295095,740718
185,UTTAR PRADESH,Basti,2464464,1255272,819719
186,UTTAR PRADESH,Sant Kabir Nagar,1715183,869656,567098
187,UTTAR PRADESH,Mahrajganj,2684703,1381754,881674
188,UTTAR PRADESH,Gorakhpur,4440895,2277777,1593890
189,UTTAR PRADESH,Kushinagar,3564544,1818055,1183722
190,UTTAR PRADESH,Deoria,3100946,1537436,1079288
191,UTTAR PRADESH,Azamgarh,4613913,2285004,1559414
192,UTTAR PRADESH,Mau,2205968,1114709,773082
193,UTTAR PRADESH,Ballia,3239774,1672902,1160960
194,UTTAR PRADESH,Jaunpur,4494204,2220465,1565394
195,UTTAR PRADESH,Ghazipur,3620268,1855075,1293553
196,UTTAR PRADESH,Chandauli,1952756,1017905,699454
197,UTTAR PRADESH,Varanasi,3676841,1921857,1389116
198,UTTAR PRADESH,Sant Ravidas Nagar (Bhadohi),1578213,807099,546782
199,UTTAR PRADESH,Mirzapur,2496970,1312302,865837
200,UTTAR PRADESH,Sonbhadra,1862559,971344,601988
201,UTTAR PRADESH,Etah,1774480,947339,647042
202,UTTAR PRADESH,Kanshiram Nagar,1436719,764165,452803
203,BIHAR,Pashchim Champaran,3935042,2061110,1091226
204,BIHAR,Purba Champaran,5099371,2681209,1407603
205,BIHAR,Sheohar,656246,346673,171645
206,BIHAR,Sitamarhi,3423574,1803252,885188
207,BIHAR,Madhubani,4487379,2329313,1340085
208,BIHAR,Supaul,2229076,1155283,647672
209,BIHAR,Araria,2811569,1463333,727643
210,BIHAR,Kishanganj,1690400,866970,439921
211,BIHAR,Purnia,3264619,1699370,805261
212,BIHAR,Katihar,3071029,1600430,762256
213,BIHAR,Madhepura,2001762,1047559,517666
214,BIHAR,Saharsa,1900661,997174,506374
215,BIHAR,Darbhanga,3937385,2059949,1125566
216,BIHAR,Muzaffarpur,4801062,2527497,1487117
217,BIHAR,Gopalganj,2562012,1267666,793905
218,BIHAR,Siwan,3330464,1675090,1115906
219,BIHAR,Saran,3951862,2022821,1285767
220,BIHAR,Vaishali,3495021,1844535,1152576
221,BIHAR,Samastipur,4261566,2230003,1293575
222,BIHAR,Begusarai,2970541,1567660,918507
223,BIHAR,Khagaria,1666886,883786,461153
224,BIHAR,Bhagalpur,3037766,1615663,937669
225,BIHAR,Banka,2034763,1067140,590961
226,BIHAR,Munger,1367765,729041,473741
227,BIHAR,Lakhisarai,1000912,526345,305182
228,BIHAR,Sheikhpura,636342,329743,196431
229,BIHAR,Nalanda,2877653,1497060,919558
230,BIHAR,Patna,5838465,3078512,2028047
231,BIHAR,Bhojpur,2728407,1430380,973486
232,BIHAR,Buxar,1706352,887977,593544
233,BIHAR,Kaimur (Bhabua),1626384,847006,549923
234,BIHAR,Rohtas,2959918,1543546,1061783
235,BIHAR,Aurangabad,2540073,1318684,868733
236,BIHAR,Gaya,4391418,2266566,1368803
237,BIHAR,Nawada,2219146,1144668,659474
238,BIHAR,Jamui,1760405,916064,534385
239,BIHAR,Jehanabad,1125313,585582,374412
240,BIHAR,Arwal,700843,363497,235279
241,SIKKIM,North  District,43709,24730,18579
242,SIKKIM,West District,136435,70238,51988
243,SIKKIM,South District,146850,76670,59357
244,SIKKIM,East District,283583,151432,121345
245,ARUNACHAL PRADESH,Tawang,49977,29151,17720
246,ARUNACHAL PRADESH,West Kameng,83947,46155,29566
247,ARUNACHAL PRADESH,East Kameng,78690,38775,21599
248,ARUNACHAL PRADESH,Papum Pare,176573,89182,65794
249,ARUNACHAL PRADESH,Upper Subansiri,83448,41758,24807
250,ARUNACHAL PRADESH,West Siang,112274,58168,36777
251,ARUNACHAL PRADESH,East Siang,99214,50116,34210
252,ARUNACHAL PRADESH,Upper Siang,35320,18699,10723
253,ARUNACHAL PRADESH,Changlang,148226,76948,44027
254,ARUNACHAL PRADESH,Tirap,111975,57604,29313
255,ARUNACHAL PRADESH,Lower Subansiri,83030,41843,29470
256,ARUNACHAL PRADESH,Kurung Kumey,92076,45318,20258
257,ARUNACHAL PRADESH,Dibang Valley,8004,4414,2614
258,ARUNACHAL PRADESH,Lower Dibang Valley,54080,28053,18087
259,ARUNACHAL PRADESH,Lohit,145726,76221,48380
260,ARUNACHAL PRADESH,Anjaw,21167,11507,6523
261,NAGALAND,Mon,250260,131753,67432
262,NAGALAND,Mokokchung,194622,101092,83479
263,NAGALAND,Zunheboto,140757,71217,53504
264,NAGALAND,Wokha,166343,84505,67385
265,NAGALAND,Dimapur,378811,197394,150142
266,NAGALAND,Phek,163418,83743,57926
267,NAGALAND,Tuensang,196596,101933,63653
268,NAGALAND,Longleng,50484,26502,16139
269,NAGALAND,Kiphire,74004,37830,22675
270,NAGALAND,Kohima,267988,138966,107038
271,NAGALAND,Peren,95219,49714,34584
272,MANIPUR,Senapati,479148,247323,148012
273,MANIPUR,Tamenglong,140651,72371,47403
274,MANIPUR,Churachandpur,274143,138820,104013
275,MANIPUR,Bishnupur,237399,118782,87313
276,MANIPUR,Thoubal,422168,210845,152617
277,MANIPUR,Imphal West,517992,255054,205985
278,MANIPUR,Imphal East,456113,226094,173314
279,MANIPUR,Ukhrul,183998,94718,70148
280,MANIPUR,Chandel,144182,74579,51053
281,MIZORAM,Mamit,86364,44828,32977
282,MIZORAM,Kolasib,83955,42918,34147
283,MIZORAM,Aizawl,400309,199270,169547
284,MIZORAM,Champhai,125745,63388,51440
285,MIZORAM,Serchhip,64937,32851,27598
286,MIZORAM,Lunglei,161428,82891,64515
287,MIZORAM,Lawngtlai,117894,60599,36444
288,MIZORAM,Saiha,56574,28594,21861
289,TRIPURA,West Tripura,1725739,879428,722998
290,TRIPURA,South Tripura,876001,447544,351082
291,TRIPURA,Dhalai,378230,194544,151643
292,TRIPURA,North Tripura,693947,352860,275646
293,MEGHALAYA,West Garo Hills,643291,324159,193438
294,MEGHALAYA,East Garo Hills,317917,161223,102513
295,MEGHALAYA,South Garo Hills,142334,73170,45003
296,MEGHALAYA,West Khasi Hills,383461,193715,117307
297,MEGHALAYA,Ribhoi,258840,132531,80977
298,MEGHALAYA,East Khasi Hills,825922,410749,287270
299,MEGHALAYA,Jaintia Hills,395124,196285,87371
300,ASSAM,Kokrajhar,887142,452905,275220
301,ASSAM,Dhubri,1949258,997848,511551
302,ASSAM,Goalpara,1008183,513292,304302
303,ASSAM,Barpeta,1693622,867004,499038
304,ASSAM,Morigaon,957423,486651,289698
305,ASSAM,Nagaon,2823768,1439112,921850
306,ASSAM,Sonitpur,1924110,983904,620525
307,ASSAM,Lakhimpur,1042137,529674,375552
308,ASSAM,Dhemaji,686133,351249,237761
309,ASSAM,Tinsukia,1327929,680231,453449
310,ASSAM,Dibrugarh,1326335,676434,491361
311,ASSAM,Sivasagar,1151050,589216,444767
312,ASSAM,Jorhat,1092256,556805,432335
313,ASSAM,Golaghat,1066888,543161,396475
314,ASSAM,Karbi Anglong,956313,490167,314253
315,ASSAM,Dima Hasao,214102,110802,78559
316,ASSAM,Cachar,1736617,886284,639946
317,ASSAM,Karimganj,1228686,625864,435942
318,ASSAM,Hailakandi,659296,337890,226836
319,ASSAM,Bongaigaon,738804,375818,237114
320,ASSAM,Chirang,482162,244860,145869
321,ASSAM,Kamrup,1517542,778461,550219
322,ASSAM,Kamrup Metropolitan,1253938,647585,537227
323,ASSAM,Nalbari,771639,396006,293184
324,ASSAM,Baksa,950075,481330,322614
325,ASSAM,Darrang,928500,475273,268666
326,ASSAM,Udalguri,831668,421617,264326
327,WEST BENGAL,Darjiling,1846823,937259,717673
328,WEST BENGAL,Jalpaiguri,3872846,1983064,1396622
329,WEST BENGAL,Koch Bihar,2819086,1451542,1028733
330,WEST BENGAL,Uttar Dinajpur,3007134,1551066,853495
331,WEST BENGAL,Dakshin Dinajpur,1676276,857199,596474
332,WEST BENGAL,Maldah,3988845,2051541,1152019
333,WEST BENGAL,Murshidabad,7103807,3627564,2177187
334,WEST BENGAL,Birbhum,3502404,1790920,1201481
335,WEST BENGAL,Barddhaman,7717563,3966889,2918040
336,WEST BENGAL,Nadia,5167600,2653768,1878866
337,WEST BENGAL,North Twenty Four Parganas,10009781,5119389,4056046
338,WEST BENGAL,Hugli,5519145,2814653,2211777
339,WEST BENGAL,Bankura,3596674,1838095,1299337
340,WEST BENGAL,Puruliya,2930115,1496996,1002058
341,WEST BENGAL,Haora,4850029,2500819,1942824
342,WEST BENGAL,Kolkata,4496694,2356766,1926915
343,WEST BENGAL,South Twenty Four Parganas,8161961,4173778,3043277
344,WEST BENGAL,Paschim Medinipur,5913457,3007885,2266913
345,WEST BENGAL,Purba Medinipur,5095875,2629834,2149073
346,JHARKHAND,Garhwa,1322784,683575,405161
347,JHARKHAND,Chatra,1042886,533935,303902
348,JHARKHAND,Kodarma,716259,367222,238780
349,JHARKHAND,Giridih,2445474,1258098,783736
350,JHARKHAND,Deoghar,1492073,775022,489837
351,JHARKHAND,Godda,1313551,677927,376212
352,JHARKHAND,Sahibganj,1150567,589391,287303
353,JHARKHAND,Pakur,900422,452661,206989
354,JHARKHAND,Dhanbad,2684487,1405956,1014950
355,JHARKHAND,Bokaro,2062330,1072807,759088
356,JHARKHAND,Lohardaga,461790,232629,149568
357,JHARKHAND,Purbi Singhbhum,2293919,1176902,856526
358,JHARKHAND,Palamu,1939869,1006302,621706
359,JHARKHAND,Latehar,726978,369666,209706
360,JHARKHAND,Hazaribagh,1734495,890881,596113
361,JHARKHAND,Ramgarh,949443,494230,350031
362,JHARKHAND,Dumka,1321442,668514,406275
363,JHARKHAND,Jamtara,791042,404830,258260
364,JHARKHAND,Ranchi,2914253,1494937,1085244
365,JHARKHAND,Khunti,531885,266335,164741
366,JHARKHAND,Gumla,1025213,514390,321795
367,JHARKHAND,Simdega,599578,300309,191991
368,JHARKHAND,Pashchimi Singhbhum,1502338,749385,439273
369,JHARKHAND,Saraikela-Kharsawan,1065056,544411,365332
370,ORISSA,Bargarh,1481255,749161,557217
371,ORISSA,Jharsuguda,579505,296690,228092
372,ORISSA,Sambalpur,1041099,526877,393192
373,ORISSA,Debagarh,312520,158230,112649
374,ORISSA,Sundargarh,2093437,1061147,750147
375,ORISSA,Kendujhar,1801733,906487,605119
376,ORISSA,Mayurbhanj,2519738,1256213,794171
377,ORISSA,Baleshwar,2320529,1185787,902359
378,ORISSA,Bhadrak,1506337,760260,596269
379,ORISSA,Kendrapara,1440361,717814,579970
380,ORISSA,Jagatsinghapur,1136971,577865,481049
381,ORISSA,Cuttack,2624470,1352760,1103033
382,ORISSA,Jajapur,1827192,926034,706396
383,ORISSA,Dhenkanal,1192811,612593,464093
384,ORISSA,Anugul,1273821,655718,494425
385,ORISSA,Nayagarh,962789,502636,392333
386,ORISSA,Khordha,2251673,1167137,957515
387,ORISSA,Puri,1698730,865380,704857
388,ORISSA,Ganjam,3529031,1779218,1262652
389,ORISSA,Gajapati,577817,282882,153663
390,ORISSA,Kandhamal,733110,359945,233900
391,ORISSA,Baudh,441162,221625,158648
392,ORISSA,Subarnapur,610183,311312,230393
393,ORISSA,Balangir,1648997,830097,545672
394,ORISSA,Nuapada,610382,301962,180903
395,ORISSA,Kalahandi,1576869,787101,484177
396,ORISSA,Rayagada,967911,471960,241959
397,ORISSA,Nabarangapur,1220946,604812,286984
398,ORISSA,Koraput,1379647,678809,340843
399,ORISSA,Malkangiri,613192,303624,147001
400,CHHATTISGARH,Koriya,658917,334737,229923
401,CHHATTISGARH,Surguja,2359886,1193129,694686
402,CHHATTISGARH,Jashpur,851669,424747,280656
403,CHHATTISGARH,Raigarh,1493984,750278,542756
404,CHHATTISGARH,Korba,1206640,612915,433391
405,CHHATTISGARH,Janjgir - Champa,1619707,815717,593679
406,CHHATTISGARH,Bilaspur,2663629,1351574,932474
407,CHHATTISGARH,Kabeerdham,822526,412058,248503
408,CHHATTISGARH,Rajnandgaon,1537133,762855,561355
409,CHHATTISGARH,Durg,3343872,1682101,1284612
410,CHHATTISGARH,Raipur,4063872,2048186,1493158
411,CHHATTISGARH,Mahasamund,1032754,511967,364089
412,CHHATTISGARH,Dhamtari,799781,397897,303924
413,CHHATTISGARH,Uttar Bastar Kanker,748941,373338,258298
414,CHHATTISGARH,Bastar,1413199,698487,382335
415,CHHATTISGARH,Narayanpur,139820,70104,33449
416,CHHATTISGARH,Dakshin Bastar Dantewada,533638,264142,116529
417,CHHATTISGARH,Bijapur,255230,128663,54076
418,MADHYA PRADESH,Sheopur,687861,361784,208201
419,MADHYA PRADESH,Morena,1965970,1068417,747652
420,MADHYA PRADESH,Bhind,1703005,926843,676513
421,MADHYA PRADESH,Gwalior,2032036,1090327,803114
422,MADHYA PRADESH,Datia,786754,420157,303815
423,MADHYA PRADESH,Shivpuri,1726050,919795,573242
424,MADHYA PRADESH,Tikamgarh,1445166,760355,459353
425,MADHYA PRADESH,Chhatarpur,1762375,936121,572010
426,MADHYA PRADESH,Panna,1016520,533480,332140
427,MADHYA PRADESH,Sagar,2378458,1256257,908607
428,MADHYA PRADESH,Damoh,1264219,661873,445737
429,MADHYA PRADESH,Satna,2228935,1157495,801051
430,MADHYA PRADESH,Rewa,2365106,1225100,845572
431,MADHYA PRADESH,Umaria,644758,330674,210907
432,MADHYA PRADESH,Neemuch,826067,422653,307889
433,MADHYA PRADESH,Mandsaur,1340411,682851,502898
434,MADHYA PRADESH,Ratlam,1455069,738241,485090
435,MADHYA PRADESH,Ujjain,1986864,1016289,730817
436,MADHYA PRADESH,Shajapur,1512681,780520,543509
437,MADHYA PRADESH,Dewas,1563715,805359,550716
438,MADHYA PRADESH,Dhar,2185793,1112725,638479
439,MADHYA PRADESH,Indore,3276697,1699627,1289631
440,MADHYA PRADESH,Khargone (West Nimar),1873046,953121,575428
441,MADHYA PRADESH,Barwani,1385881,699340,313642
442,MADHYA PRADESH,Rajgarh,1545814,790212,488797
443,MADHYA PRADESH,Vidisha,1458875,769568,512344
444,MADHYA PRADESH,Bhopal,2371061,1236130,920314
445,MADHYA PRADESH,Sehore,1311332,683743,469208
446,MADHYA PRADESH,Raisen,1331597,700358,479093
447,MADHYA PRADESH,Betul,1575362,799236,529783
448,MADHYA PRADESH,Harda,570465,294838,203807
449,MADHYA PRADESH,Hoshangabad,1241350,648725,469199
450,MADHYA PRADESH,Katni,1292042,662013,460583
451,MADHYA PRADESH,Jabalpur,2463289,1277278,980307
452,MADHYA PRADESH,Narsimhapur,1091854,568810,413491
453,MADHYA PRADESH,Dindori,704524,351913,222759
454,MADHYA PRADESH,Mandla,1054905,525272,348033
455,MADHYA PRADESH,Chhindwara,2090922,1064468,731294
456,MADHYA PRADESH,Seoni,1379131,695879,485341
457,MADHYA PRADESH,Balaghat,1701698,842178,626468
458,MADHYA PRADESH,Guna,1241519,649362,400537
459,MADHYA PRADESH,Ashoknagar,845071,443837,290304
460,MADHYA PRADESH,Shahdol,1066063,540021,348761
461,MADHYA PRADESH,Anuppur,749237,379114,254120
462,MADHYA PRADESH,Sidhi,1127033,575912,353030
463,MADHYA PRADESH,Singrauli,1178273,613637,359923
464,MADHYA PRADESH,Jhabua,1025048,515023,214582
465,MADHYA PRADESH,Alirajpur,728999,362542,120905
466,MADHYA PRADESH,Khandwa (East Nimar),1310061,674329,432259
467,MADHYA PRADESH,Burhanpur,757847,388504,233073
468,GUJARAT,Kachchh,2092371,1096737,739239
469,GUJARAT,Banas Kantha,3120506,1610379,1048402
470,GUJARAT,Patan,1343734,694397,494631
471,GUJARAT,Mahesana,2035064,1056520,847499
472,GUJARAT,Sabar Kantha,2428589,1244231,918625
473,GUJARAT,Gandhinagar,1391753,723864,582686
474,GUJARAT,Ahmadabad,7214225,3788051,3025463
475,GUJARAT,Surendranagar,1756268,909917,643221
476,GUJARAT,Rajkot,3804558,1974445,1514075
477,GUJARAT,Jamnagar,2160119,1114192,795140
478,GUJARAT,Porbandar,585449,300209,221621
479,GUJARAT,Junagadh,2743082,1404356,1046981
480,GUJARAT,Amreli,1514190,771049,558180
481,GUJARAT,Bhavnagar,2880365,1490201,1087371
482,GUJARAT,Anand,2092745,1087224,874481
483,GUJARAT,Kheda,2299885,1185727,942480
484,GUJARAT,Panch Mahals,2390776,1226961,858054
485,GUJARAT,Dohad,2127086,1068651,599035
486,GUJARAT,Vadodara,4165626,2153736,1614087
487,GUJARAT,Narmada,590297,301086,211767
488,GUJARAT,Bharuch,1551019,805707,623047
489,GUJARAT,The Dangs,228291,113821,77314
490,GUJARAT,Navsari,1329672,678165,539471
491,GUJARAT,Valsad,1705678,887222,655528
492,GUJARAT,Surat,6081322,3402224,2687468
493,GUJARAT,Tapi,807022,402188,269007
494,DAMAN AND DIU,Diu,52074,25642,20327
495,DAMAN AND DIU,Daman,191173,124659,104316
496,DADRA AND NAGAR HAVELI,Dadra AND Nagar Haveli,343709,193760,142521
497,MAHARASHTRA,Nandurbar,1648295,833170,512099
498,MAHARASHTRA,Dhule,2050862,1054031,723388
499,MAHARASHTRA,Jalgaon,4229917,2197365,1629223
500,MAHARASHTRA,Buldana,2586258,1337560,1048892
501,MAHARASHTRA,Akola,1813906,932334,758977
502,MAHARASHTRA,Washim,1197160,620302,487703
503,MAHARASHTRA,Amravati,2888445,1480768,1207104
504,MAHARASHTRA,Wardha,1300774,668385,552617
505,MAHARASHTRA,Nagpur,4653570,2384975,1959220
506,MAHARASHTRA,Bhandara,1200334,605520,488709
507,MAHARASHTRA,Gondiya,1322507,661554,542837
508,MAHARASHTRA,Gadchiroli,1072942,541328,395110
509,MAHARASHTRA,Chandrapur,2204307,1123834,872565
510,MAHARASHTRA,Yavatmal,2772348,1419965,1115980
511,MAHARASHTRA,Nanded,3361292,1730075,1255222
512,MAHARASHTRA,Hingoli,1177345,606294,450551
513,MAHARASHTRA,Parbhani,1836086,942870,666291
514,MAHARASHTRA,Jalna,1959046,1011473,699428
515,MAHARASHTRA,Aurangabad,3701282,1924469,1430936
516,MAHARASHTRA,Nashik,6107187,3157186,2397538
517,MAHARASHTRA,Thane,11060148,5865078,4591396
518,MAHARASHTRA,Mumbai Suburban,9356962,5031323,4223029
519,MAHARASHTRA,Mumbai,3085411,1684608,1410680
520,MAHARASHTRA,Raigarh,2634200,1344345,1059692
521,MAHARASHTRA,Pune,9429408,4924105,3940210
522,MAHARASHTRA,Ahmadnagar,4543159,2342825,1773355
523,MAHARASHTRA,Bid,2585049,1349106,987185
524,MAHARASHTRA,Latur,2454196,1273140,932432
525,MAHARASHTRA,Osmanabad,1657576,861535,644304
526,MAHARASHTRA,Solapur,4317756,2227852,1651266
527,MAHARASHTRA,Satara,3003741,1510842,1201034
528,MAHARASHTRA,Ratnagiri,1615069,761121,619012
529,MAHARASHTRA,Sindhudurg,849651,417332,348289
530,MAHARASHTRA,Kolhapur,3876001,1980658,1559760
531,MAHARASHTRA,Sangli,2822143,1435728,1121550
532,ANDHRA PRADESH,Adilabad,2741239,1369597,856350
533,ANDHRA PRADESH,Nizamabad,2551335,1250641,790214
534,ANDHRA PRADESH,Karimnagar,3776269,1880800,1257238
535,ANDHRA PRADESH,Medak,3033288,1523030,953406
536,ANDHRA PRADESH,Hyderabad,3943323,2018575,1542688
537,ANDHRA PRADESH,Rangareddy,5296741,2701008,1948784
538,ANDHRA PRADESH,Mahbubnagar,4053028,2050386,1158386
539,ANDHRA PRADESH,Nalgonda,3488809,1759772,1160757
540,ANDHRA PRADESH,Warangal,3512576,1759281,1179790
541,ANDHRA PRADESH,Khammam,2797370,1390988,901640
542,ANDHRA PRADESH,Srikakulam,2703114,1341738,857824
543,ANDHRA PRADESH,Vizianagaram,2344474,1161477,707503
544,ANDHRA PRADESH,Visakhapatnam,4290589,2138910,1422878
545,ANDHRA PRADESH,East Godavari,5154296,2569688,1716933
546,ANDHRA PRADESH,West Godavari,3936966,1964918,1379223
547,ANDHRA PRADESH,Krishna,4517398,2267375,1598959
548,ANDHRA PRADESH,Guntur,4887813,2440521,1634726
549,ANDHRA PRADESH,Prakasam,3397448,1714764,1107686
550,ANDHRA PRADESH,Sri Potti Sriramulu Nellore,2963557,1492974,1011922
551,ANDHRA PRADESH,Y.S.R.,2882469,1451777,994699
552,ANDHRA PRADESH,Kurnool,4053463,2039227,1246369
553,ANDHRA PRADESH,Anantapur,4081148,2064495,1338474
554,ANDHRA PRADESH,Chittoor,4174064,2090204,1484794
555,KARNATAKA,Belgaum,4779661,2423063,1725548
556,KARNATAKA,Bagalkot,1889752,950111,641388
557,KARNATAKA,Bijapur,2177331,1111022,730566
558,KARNATAKA,Bidar,1703300,870665,597198
559,KARNATAKA,Raichur,1928812,964511,577213
560,KARNATAKA,Koppal,1389920,699926,468785
561,KARNATAKA,Gadag,1064570,537147,397178
562,KARNATAKA,Dharwad,1847023,937206,711776
563,KARNATAKA,Uttara Kannada,1437169,726256,582099
564,KARNATAKA,Haveri,1597668,819128,603793
565,KARNATAKA,Bellary,2452595,1236954,813440
566,KARNATAKA,Chitradurga,1659456,840843,607188
567,KARNATAKA,Davanagere,1945497,986400,720637
568,KARNATAKA,Shimoga,1752753,877415,674938
569,KARNATAKA,Udupi,1177361,562131,465704
570,KARNATAKA,Chikmagalur,1137961,566622,438257
571,KARNATAKA,Tumkur,2678980,1350594,1006024
572,KARNATAKA,Bangalore,9621551,5022661,4078041
573,KARNATAKA,Mandya,1805769,905085,638668
574,KARNATAKA,Hassan,1776421,883667,668836
575,KARNATAKA,Dakshina Kannada,2089649,1034714,864019
576,KARNATAKA,Kodagu,554519,274608,215302
577,KARNATAKA,Mysore,3001127,1511600,1063766
578,KARNATAKA,Chamarajanagar,1020791,512231,312957
579,KARNATAKA,Gulbarga,2566326,1301755,828359
580,KARNATAKA,Yadgir,1174271,590329,306751
581,KARNATAKA,Kolar,1536401,776396,564110
582,KARNATAKA,Chikkaballapura,1255104,636437,442158
583,KARNATAKA,Bangalore Rural,990923,509172,385311
584,KARNATAKA,Ramanagara,1082636,548008,378461
585,GOA,North Goa,818008,416677,351738
586,GOA,South Goa,640537,322463,264085
587,LAKSHADWEEP,Lakshadweep,64473,33123,28023
588,KERALA,Kasaragod,1307375,628613,516476
589,KERALA,Kannur,2523003,1181446,1012956
590,KERALA,Wayanad,817420,401684,328136
591,KERALA,Kozhikode,3086293,1470942,1266939
592,KERALA,Malappuram,4112920,1960328,1597404
593,KERALA,Palakkad,2809934,1359478,1122600
594,KERALA,Thrissur,3121200,1480763,1282261
595,KERALA,Ernakulam,3282388,1619557,1425723
596,KERALA,Idukki,1108974,552808,471881
597,KERALA,Kottayam,1974551,968289,861592
598,KERALA,Alappuzha,2127789,1013142,890552
599,KERALA,Pathanamthitta,1197412,561716,499181
600,KERALA,Kollam,2635375,1246968,1074345
601,KERALA,Thiruvananthapuram,3301427,1581678,1354857
602,TAMIL NADU,Thiruvallur,3728104,1876062,1495711
603,TAMIL NADU,Chennai,4646732,2335844,1968079
604,TAMIL NADU,Kancheepuram,3998252,2012958,1611461
605,TAMIL NADU,Vellore,3936331,1961688,1504355
606,TAMIL NADU,Tiruvannamalai,2464875,1235889,909803
607,TAMIL NADU,Viluppuram,3458873,1740819,1234479
608,TAMIL NADU,Salem,3482056,1781571,1285107
609,TAMIL NADU,Namakkal,1726601,869280,653312
610,TAMIL NADU,Erode,2251744,1129868,828300
611,TAMIL NADU,The Nilgiris,735394,360143,299447
612,TAMIL NADU,Dindigul,2159775,1080938,816180
613,TAMIL NADU,Karur,1064493,528184,401726
614,TAMIL NADU,Tiruchirappalli,2722290,1352284,1087765
615,TAMIL NADU,Perambalur,565223,282157,208011
616,TAMIL NADU,Ariyalur,754894,374703,269582
617,TAMIL NADU,Cuddalore,2605914,1311697,1000322
618,TAMIL NADU,Nagapattinam,1616450,798127,640916
619,TAMIL NADU,Thiruvarur,1264277,626693,503085
620,TAMIL NADU,Thanjavur,2405890,1182416,944264
621,TAMIL NADU,Pudukkottai,1618345,803188,608776
622,TAMIL NADU,Sivaganga,1339101,668672,526304
623,TAMIL NADU,Madurai,3038252,1526475,1223810
624,TAMIL NADU,Theni,1245899,625683,479403
625,TAMIL NADU,Virudhunagar,1942288,967709,760375
626,TAMIL NADU,Ramanathapuram,1353445,682658,536487
627,TAMIL NADU,Thoothukkudi,1750176,865021,703106
628,TAMIL NADU,Tirunelveli,3077233,1520912,1210710
629,TAMIL NADU,Kanniyakumari,1870374,926345,780541
630,TAMIL NADU,Dharmapuri,1506843,774303,527599
631,TAMIL NADU,Krishnagiri,1879809,960232,667062
632,TAMIL NADU,Coimbatore,3458045,1729297,1394790
633,TAMIL NADU,Tiruppur,2479052,1246159,959623
634,PONDICHERRY,Yanam,55626,27301,19919
635,PONDICHERRY,PONDICHERRY,950289,468258,380946
636,PONDICHERRY,Mahe,41816,19143,16610
637,PONDICHERRY,Karaikal,200222,97809,79903
638,ANDAMAN AND NICOBAR ISLANDS,Nicobars,36842,20727,15397
639,ANDAMAN AND NICOBAR ISLANDS,North  AND Middle Andaman,105597,54861,43186
640,ANDAMAN AND NICOBAR ISLANDS,South Andaman,238142,127283,105794
